had_late_delivery,customers,repeat_rate
False,85587,0.028544054587729444
True,7771,0.04606871702483593
