delivery_status,review_score
Late,2.5664935064935066
On-Time/Early,4.2937182046856845
