segment,customers,avg_orders,avg_revenue
One-Time,90557,1.0,160.7339718630255
Repeat,2801,2.1138878971795787,308.5281899321671
